date,crop,price
2023-03-19 10:24:05.362258,cotton,591.3840295165626
2023-03-20 10:24:05.362258,cotton,606.7334803544429
2023-03-21 10:24:05.362258,cotton,612.8702933159968
2023-03-22 10:24:05.362258,cotton,618.9050769291382
2023-03-23 10:24:05.362258,cotton,607.4167842613771
2023-03-24 10:24:05.362258,cotton,639.1162884979342
2023-03-25 10:24:05.362258,cotton,608.9422351267096
2023-03-26 10:24:05.362258,cotton,596.4775294664346
2023-03-27 10:24:05.362258,cotton,632.3870764256758
2023-03-28 10:24:05.362258,cotton,596.2788995265385
2023-03-29 10:24:05.362258,cotton,609.4512049170542
2023-03-30 10:24:05.362258,cotton,621.6465561368329
2023-03-31 10:24:05.362258,cotton,612.2051154299836
2023-04-01 10:24:05.362258,cotton,596.1831538997401
2023-04-02 10:24:05.362258,cotton,576.9398849185131
2023-04-03 10:24:05.362258,cotton,585.8155600214911
2023-04-04 10:24:05.362258,cotton,623.5677099481524
2023-04-05 10:24:05.362258,cotton,619.3118445905732
2023-04-06 10:24:05.362258,cotton,659.998459693138
2023-04-07 10:24:05.362258,cotton,593.1784975815776
2023-04-08 10:24:05.362258,cotton,618.9675472725099
2023-04-09 10:24:05.362258,cotton,605.3159421891582
2023-04-10 10:24:05.362258,cotton,609.5560455802298
2023-04-11 10:24:05.362258,cotton,619.5883469705844
2023-04-12 10:24:05.362258,cotton,613.8292828258247
2023-04-13 10:24:05.362258,cotton,622.7265185866414
2023-04-14 10:24:05.362258,cotton,633.6989351200648
2023-04-15 10:24:05.362258,cotton,612.2825663360244
2023-04-16 10:24:05.362258,cotton,627.6451920695215
2023-04-17 10:24:05.362258,cotton,670.6485346247176
2023-04-18 10:24:05.362258,cotton,651.1460628402954
2023-04-19 10:24:05.362258,cotton,608.7600812538781
2023-04-20 10:24:05.362258,cotton,640.9334795306055
2023-04-21 10:24:05.362258,cotton,571.8308674512647
2023-04-22 10:24:05.362258,cotton,620.1403808607938
2023-04-23 10:24:05.362258,cotton,603.7937180405177
2023-04-24 10:24:05.362258,cotton,649.9568437597663
2023-04-25 10:24:05.362258,cotton,621.3029065556428
2023-04-26 10:24:05.362258,cotton,636.0464594203131
2023-04-27 10:24:05.362258,cotton,619.5005810931431
2023-04-28 10:24:05.362258,cotton,652.0429074816947
2023-04-29 10:24:05.362258,cotton,643.5233813020939
2023-04-30 10:24:05.362258,cotton,635.5992903181105
2023-05-01 10:24:05.362258,cotton,591.2884432624479
2023-05-02 10:24:05.362258,cotton,672.926419945877
2023-05-03 10:24:05.362258,cotton,635.0317295859162
2023-05-04 10:24:05.362258,cotton,641.276644837519
2023-05-05 10:24:05.362258,cotton,627.5713142769742
2023-05-06 10:24:05.362258,cotton,614.265234747721
2023-05-07 10:24:05.362258,cotton,635.4344300175671
2023-05-08 10:24:05.362258,cotton,625.4795501045796
2023-05-09 10:24:05.362258,cotton,654.2844219763197
2023-05-10 10:24:05.362258,cotton,643.4005638332775
2023-05-11 10:24:05.362258,cotton,640.7055549147259
2023-05-12 10:24:05.362258,cotton,649.3509449598535
2023-05-13 10:24:05.362258,cotton,671.0908799226526
2023-05-14 10:24:05.362258,cotton,637.6137742308815
2023-05-15 10:24:05.362258,cotton,655.2206644560237
2023-05-16 10:24:05.362258,cotton,627.026091573103
2023-05-17 10:24:05.362258,cotton,644.3691271987784
2023-05-18 10:24:05.362258,cotton,659.7156418796933
2023-05-19 10:24:05.362258,cotton,649.8602016379683
2023-05-20 10:24:05.362258,cotton,671.2819869911721
2023-05-21 10:24:05.362258,cotton,660.1543018298837
2023-05-22 10:24:05.362258,cotton,604.8425908017982
2023-05-23 10:24:05.362258,cotton,670.7135275790292
2023-05-24 10:24:05.362258,cotton,682.2726777205297
2023-05-25 10:24:05.362258,cotton,672.4991017029358
2023-05-26 10:24:05.362258,cotton,654.365210425573
2023-05-27 10:24:05.362258,cotton,646.8634851508527
2023-05-28 10:24:05.362258,cotton,664.1169635185427
2023-05-29 10:24:05.362258,cotton,642.7122452315039
2023-05-30 10:24:05.362258,cotton,669.9779178573064
2023-05-31 10:24:05.362258,cotton,612.176500552935
2023-06-01 10:24:05.362258,cotton,657.5397872884505
2023-06-02 10:24:05.362258,cotton,664.2731372991815
2023-06-03 10:24:05.362258,cotton,664.0394888316602
2023-06-04 10:24:05.362258,cotton,666.6146438858696
2023-06-05 10:24:05.362258,cotton,653.7250469078173
2023-06-06 10:24:05.362258,cotton,660.7129438952227
2023-06-07 10:24:05.362258,cotton,667.0760529420344
2023-06-08 10:24:05.362258,cotton,656.1183135569479
2023-06-09 10:24:05.362258,cotton,647.6050479212672
2023-06-10 10:24:05.362258,cotton,677.6523747145711
2023-06-11 10:24:05.362258,cotton,649.1963378257396
2023-06-12 10:24:05.362258,cotton,656.0886052022755
2023-06-13 10:24:05.362258,cotton,697.3556348971321
2023-06-14 10:24:05.362258,cotton,691.97196488798
2023-06-15 10:24:05.362258,cotton,679.146234953183
2023-06-16 10:24:05.362258,cotton,656.0717126855359
2023-06-17 10:24:05.362258,cotton,697.7613771641743
2023-06-18 10:24:05.362258,cotton,663.6550003493581
2023-06-19 10:24:05.362258,cotton,668.5681057200131
2023-06-20 10:24:05.362258,cotton,649.0207885492416
2023-06-21 10:24:05.362258,cotton,660.5502883831645
2023-06-22 10:24:05.362258,cotton,655.8659345968894
2023-06-23 10:24:05.362258,cotton,649.0695113910933
2023-06-24 10:24:05.362258,cotton,662.9017923985484
2023-06-25 10:24:05.362258,cotton,665.1235826834985
2023-06-26 10:24:05.362258,cotton,672.5284181983977
2023-06-27 10:24:05.362258,cotton,666.0998056591461
2023-06-28 10:24:05.362258,cotton,675.9301601525906
2023-06-29 10:24:05.362258,cotton,671.14325763554
2023-06-30 10:24:05.362258,cotton,637.3484166868925
2023-07-01 10:24:05.362258,cotton,677.9013781341565
2023-07-02 10:24:05.362258,cotton,675.2176295518157
2023-07-03 10:24:05.362258,cotton,665.6134482893937
2023-07-04 10:24:05.362258,cotton,725.3895365325676
2023-07-05 10:24:05.362258,cotton,661.2555422488922
2023-07-06 10:24:05.362258,cotton,635.0740767815171
2023-07-07 10:24:05.362258,cotton,674.2723217418426
2023-07-08 10:24:05.362258,cotton,684.1653954863731
2023-07-09 10:24:05.362258,cotton,643.487396600226
2023-07-10 10:24:05.362258,cotton,660.7741531157958
2023-07-11 10:24:05.362258,cotton,670.8603025482325
2023-07-12 10:24:05.362258,cotton,669.7480598344642
2023-07-13 10:24:05.362258,cotton,676.2576017063781
2023-07-14 10:24:05.362258,cotton,658.5772060665897
2023-07-15 10:24:05.362258,cotton,618.5696098884634
2023-07-16 10:24:05.362258,cotton,644.0694536825454
2023-07-17 10:24:05.362258,cotton,664.90996483044
2023-07-18 10:24:05.362258,cotton,647.051947689341
2023-07-19 10:24:05.362258,cotton,666.6494048807463
2023-07-20 10:24:05.362258,cotton,663.7528545271482
2023-07-21 10:24:05.362258,cotton,661.9683288098978
2023-07-22 10:24:05.362258,cotton,667.9160158494436
2023-07-23 10:24:05.362258,cotton,644.3389936052042
2023-07-24 10:24:05.362258,cotton,627.4550193687899
2023-07-25 10:24:05.362258,cotton,667.3337369040016
2023-07-26 10:24:05.362258,cotton,632.6401827400354
2023-07-27 10:24:05.362258,cotton,650.4158773215414
2023-07-28 10:24:05.362258,cotton,649.3297376328753
2023-07-29 10:24:05.362258,cotton,654.3793800607075
2023-07-30 10:24:05.362258,cotton,650.0073192252868
2023-07-31 10:24:05.362258,cotton,644.2593464637902
2023-08-01 10:24:05.362258,cotton,638.7517641348938
2023-08-02 10:24:05.362258,cotton,662.8369024995741
2023-08-03 10:24:05.362258,cotton,618.2874649136122
2023-08-04 10:24:05.362258,cotton,658.1167861989861
2023-08-05 10:24:05.362258,cotton,630.1261550458192
2023-08-06 10:24:05.362258,cotton,688.216972514903
2023-08-07 10:24:05.362258,cotton,677.9910573728716
2023-08-08 10:24:05.362258,cotton,638.3915146357554
2023-08-09 10:24:05.362258,cotton,614.3784962196637
2023-08-10 10:24:05.362258,cotton,641.2445275993495
2023-08-11 10:24:05.362258,cotton,668.6872153225682
2023-08-12 10:24:05.362258,cotton,632.453870474717
2023-08-13 10:24:05.362258,cotton,660.4161146486146
2023-08-14 10:24:05.362258,cotton,649.1500171844752
2023-08-15 10:24:05.362258,cotton,645.5375673881805
2023-08-16 10:24:05.362258,cotton,648.4740561949003
2023-08-17 10:24:05.362258,cotton,615.7905919156532
2023-08-18 10:24:05.362258,cotton,670.638287866491
2023-08-19 10:24:05.362258,cotton,642.3957575765811
2023-08-20 10:24:05.362258,cotton,640.7914159686624
2023-08-21 10:24:05.362258,cotton,650.7199781923347
2023-08-22 10:24:05.362258,cotton,661.015468734642
2023-08-23 10:24:05.362258,cotton,628.4772252580038
2023-08-24 10:24:05.362258,cotton,666.4559088302351
2023-08-25 10:24:05.362258,cotton,663.6704742932793
2023-08-26 10:24:05.362258,cotton,624.147541632634
2023-08-27 10:24:05.362258,cotton,650.8014821935021
2023-08-28 10:24:05.362258,cotton,666.9153267909008
2023-08-29 10:24:05.362258,cotton,626.104268081487
2023-08-30 10:24:05.362258,cotton,601.7720496761376
2023-08-31 10:24:05.362258,cotton,629.3469051752082
2023-09-01 10:24:05.362258,cotton,633.1373430733361
2023-09-02 10:24:05.362258,cotton,627.5262822571319
2023-09-03 10:24:05.362258,cotton,629.0547956287762
2023-09-04 10:24:05.362258,cotton,634.6162787609105
2023-09-05 10:24:05.362258,cotton,624.6192983368989
2023-09-06 10:24:05.362258,cotton,614.2669635448424
2023-09-07 10:24:05.362258,cotton,655.0505807971217
2023-09-08 10:24:05.362258,cotton,628.8107083038345
2023-09-09 10:24:05.362258,cotton,642.6479411874296
2023-09-10 10:24:05.362258,cotton,654.3041605788748
2023-09-11 10:24:05.362258,cotton,608.5810674763569
2023-09-12 10:24:05.362258,cotton,632.7017448784086
2023-09-13 10:24:05.362258,cotton,638.7059596641708
2023-09-14 10:24:05.362258,cotton,639.8695820873941
2023-09-15 10:24:05.362258,cotton,620.9328863593342
2023-09-16 10:24:05.362258,cotton,636.9292209935579
2023-09-17 10:24:05.362258,cotton,636.5461451233833
2023-09-18 10:24:05.362258,cotton,639.7723829245015
2023-09-19 10:24:05.362258,cotton,646.7822708265041
2023-09-20 10:24:05.362258,cotton,642.19885118727
2023-09-21 10:24:05.362258,cotton,679.7828517502553
2023-09-22 10:24:05.362258,cotton,623.819282400284
2023-09-23 10:24:05.362258,cotton,601.9313841268952
2023-09-24 10:24:05.362258,cotton,632.6226778236218
2023-09-25 10:24:05.362258,cotton,626.5674493996968
2023-09-26 10:24:05.362258,cotton,585.7618440554064
2023-09-27 10:24:05.362258,cotton,631.948330438191
2023-09-28 10:24:05.362258,cotton,554.4963254760092
2023-09-29 10:24:05.362258,cotton,614.5971869129769
2023-09-30 10:24:05.362258,cotton,608.1777938001168
2023-10-01 10:24:05.362258,cotton,601.825724352836
2023-10-02 10:24:05.362258,cotton,633.6944219745665
2023-10-03 10:24:05.362258,cotton,606.654237857812
2023-10-04 10:24:05.362258,cotton,591.6518488722058
2023-10-05 10:24:05.362258,cotton,640.7941125963785
2023-10-06 10:24:05.362258,cotton,627.1917052192764
2023-10-07 10:24:05.362258,cotton,627.9143410055676
2023-10-08 10:24:05.362258,cotton,618.982373511899
2023-10-09 10:24:05.362258,cotton,624.2065251203384
2023-10-10 10:24:05.362258,cotton,578.2112295388596
2023-10-11 10:24:05.362258,cotton,611.59923858425
2023-10-12 10:24:05.362258,cotton,577.4791887284443
2023-10-13 10:24:05.362258,cotton,611.5486691862634
2023-10-14 10:24:05.362258,cotton,571.3095464125888
2023-10-15 10:24:05.362258,cotton,587.1767182433707
2023-10-16 10:24:05.362258,cotton,596.5126932219566
2023-10-17 10:24:05.362258,cotton,596.6489412434111
2023-10-18 10:24:05.362258,cotton,612.9394462093774
2023-10-19 10:24:05.362258,cotton,608.1159219860859
2023-10-20 10:24:05.362258,cotton,563.0265759043886
2023-10-21 10:24:05.362258,cotton,616.8758151582343
2023-10-22 10:24:05.362258,cotton,615.6433835073166
2023-10-23 10:24:05.362258,cotton,581.3298906904736
2023-10-24 10:24:05.362258,cotton,602.5334219335209
2023-10-25 10:24:05.362258,cotton,625.4786732688899
2023-10-26 10:24:05.362258,cotton,586.7020088940372
2023-10-27 10:24:05.362258,cotton,585.8496514804623
2023-10-28 10:24:05.362258,cotton,611.213023950635
2023-10-29 10:24:05.362258,cotton,604.2231420206947
2023-10-30 10:24:05.362258,cotton,600.5270056274412
2023-10-31 10:24:05.362258,cotton,595.5514915217993
2023-11-01 10:24:05.362258,cotton,594.543948606834
2023-11-02 10:24:05.362258,cotton,573.1026276300153
2023-11-03 10:24:05.362258,cotton,597.4763589394296
2023-11-04 10:24:05.362258,cotton,605.0765738094876
2023-11-05 10:24:05.362258,cotton,576.522567187726
2023-11-06 10:24:05.362258,cotton,559.2180735119825
2023-11-07 10:24:05.362258,cotton,561.7411739203756
2023-11-08 10:24:05.362258,cotton,594.6391270351829
2023-11-09 10:24:05.362258,cotton,620.4723668937283
2023-11-10 10:24:05.362258,cotton,596.8690003212567
2023-11-11 10:24:05.362258,cotton,601.9461444205506
2023-11-12 10:24:05.362258,cotton,600.3539108157444
2023-11-13 10:24:05.362258,cotton,576.7522587554431
2023-11-14 10:24:05.362258,cotton,588.478262705639
2023-11-15 10:24:05.362258,cotton,577.2173279373585
2023-11-16 10:24:05.362258,cotton,555.6772310625331
2023-11-17 10:24:05.362258,cotton,605.8100333437628
2023-11-18 10:24:05.362258,cotton,587.1017263979661
2023-11-19 10:24:05.362258,cotton,581.8169938068999
2023-11-20 10:24:05.362258,cotton,596.9590040311475
2023-11-21 10:24:05.362258,cotton,638.8073309718405
2023-11-22 10:24:05.362258,cotton,587.3438718278545
2023-11-23 10:24:05.362258,cotton,612.0801478144327
2023-11-24 10:24:05.362258,cotton,593.2855466727472
2023-11-25 10:24:05.362258,cotton,589.9368042531917
2023-11-26 10:24:05.362258,cotton,594.5731408437163
2023-11-27 10:24:05.362258,cotton,574.5850054605072
2023-11-28 10:24:05.362258,cotton,596.1039467247766
2023-11-29 10:24:05.362258,cotton,599.7092288154265
2023-11-30 10:24:05.362258,cotton,582.1750462161033
2023-12-01 10:24:05.362258,cotton,584.5609000107742
2023-12-02 10:24:05.362258,cotton,590.9118158575686
2023-12-03 10:24:05.362258,cotton,576.4564791450738
2023-12-04 10:24:05.362258,cotton,573.1566042720848
2023-12-05 10:24:05.362258,cotton,629.79814085435
2023-12-06 10:24:05.362258,cotton,585.6215801455634
2023-12-07 10:24:05.362258,cotton,624.5013728275533
2023-12-08 10:24:05.362258,cotton,588.6935730325023
2023-12-09 10:24:05.362258,cotton,597.897970271852
2023-12-10 10:24:05.362258,cotton,597.5862106828997
2023-12-11 10:24:05.362258,cotton,583.1639862276704
2023-12-12 10:24:05.362258,cotton,593.3288062398199
2023-12-13 10:24:05.362258,cotton,598.7590889039683
2023-12-14 10:24:05.362258,cotton,595.2956891997611
2023-12-15 10:24:05.362258,cotton,571.8748813126973
2023-12-16 10:24:05.362258,cotton,581.871803357527
2023-12-17 10:24:05.362258,cotton,609.3583653416357
2023-12-18 10:24:05.362258,cotton,522.8602175614019
2023-12-19 10:24:05.362258,cotton,574.3657361970394
2023-12-20 10:24:05.362258,cotton,583.5994998934442
2023-12-21 10:24:05.362258,cotton,552.7516287792604
2023-12-22 10:24:05.362258,cotton,566.3667616646214
2023-12-23 10:24:05.362258,cotton,587.0562425688565
2023-12-24 10:24:05.362258,cotton,595.5360733907278
2023-12-25 10:24:05.362258,cotton,611.0813035972348
2023-12-26 10:24:05.362258,cotton,581.3934275200326
2023-12-27 10:24:05.362258,cotton,609.0469116109555
2023-12-28 10:24:05.362258,cotton,561.0780208357472
2023-12-29 10:24:05.362258,cotton,580.7411617422937
2023-12-30 10:24:05.362258,cotton,587.2949158279275
2023-12-31 10:24:05.362258,cotton,600.1407479326134
2024-01-01 10:24:05.362258,cotton,568.8151938963989
2024-01-02 10:24:05.362258,cotton,606.9036361528963
2024-01-03 10:24:05.362258,cotton,587.4209566776622
2024-01-04 10:24:05.362258,cotton,599.683347181026
2024-01-05 10:24:05.362258,cotton,601.3698116456553
2024-01-06 10:24:05.362258,cotton,605.2689968198775
2024-01-07 10:24:05.362258,cotton,551.2969535233975
2024-01-08 10:24:05.362258,cotton,593.8462631078646
2024-01-09 10:24:05.362258,cotton,615.1466238091839
2024-01-10 10:24:05.362258,cotton,626.1833930387199
2024-01-11 10:24:05.362258,cotton,563.61274601531
2024-01-12 10:24:05.362258,cotton,593.4301664248151
2024-01-13 10:24:05.362258,cotton,582.02007589877
2024-01-14 10:24:05.362258,cotton,612.1877427817473
2024-01-15 10:24:05.362258,cotton,603.8624957862098
2024-01-16 10:24:05.362258,cotton,599.2197371732461
2024-01-17 10:24:05.362258,cotton,571.7176900172935
2024-01-18 10:24:05.362258,cotton,621.6841290985672
2024-01-19 10:24:05.362258,cotton,619.9963213732118
2024-01-20 10:24:05.362258,cotton,623.77743270617
2024-01-21 10:24:05.362258,cotton,624.15574224741
2024-01-22 10:24:05.362258,cotton,567.8110349211012
2024-01-23 10:24:05.362258,cotton,610.9384444193294
2024-01-24 10:24:05.362258,cotton,640.8822945665142
2024-01-25 10:24:05.362258,cotton,591.4044500038254
2024-01-26 10:24:05.362258,cotton,618.4049382521285
2024-01-27 10:24:05.362258,cotton,598.3913264875098
2024-01-28 10:24:05.362258,cotton,630.1763029125361
2024-01-29 10:24:05.362258,cotton,575.3314224835863
2024-01-30 10:24:05.362258,cotton,581.086015575121
2024-01-31 10:24:05.362258,cotton,609.8017537299477
2024-02-01 10:24:05.362258,cotton,620.5782053629567
2024-02-02 10:24:05.362258,cotton,593.7123067349319
2024-02-03 10:24:05.362258,cotton,643.8452487505967
2024-02-04 10:24:05.362258,cotton,599.5352325397392
2024-02-05 10:24:05.362258,cotton,599.3878070282642
2024-02-06 10:24:05.362258,cotton,590.01387421965
2024-02-07 10:24:05.362258,cotton,634.6616028558683
2024-02-08 10:24:05.362258,cotton,598.8678806646544
2024-02-09 10:24:05.362258,cotton,607.6020718644866
2024-02-10 10:24:05.362258,cotton,659.7611653039398
2024-02-11 10:24:05.362258,cotton,595.4966529346932
2024-02-12 10:24:05.362258,cotton,576.6056533220446
2024-02-13 10:24:05.362258,cotton,601.7721776421275
2024-02-14 10:24:05.362258,cotton,619.9741658392788
2024-02-15 10:24:05.362258,cotton,607.2719812586882
2024-02-16 10:24:05.362258,cotton,579.2298286560595
2024-02-17 10:24:05.362258,cotton,649.4923858694356
2024-02-18 10:24:05.362258,cotton,599.7557064775984
2024-02-19 10:24:05.362258,cotton,584.6102161814744
2024-02-20 10:24:05.362258,cotton,606.0372577656
2024-02-21 10:24:05.362258,cotton,598.675328647655
2024-02-22 10:24:05.362258,cotton,611.836978175898
2024-02-23 10:24:05.362258,cotton,648.552864858271
2024-02-24 10:24:05.362258,cotton,637.8361102641197
2024-02-25 10:24:05.362258,cotton,599.788498135229
2024-02-26 10:24:05.362258,cotton,630.7333900146878
2024-02-27 10:24:05.362258,cotton,617.7589927564086
2024-02-28 10:24:05.362258,cotton,598.9341936630403
2024-02-29 10:24:05.362258,cotton,643.5560146238079
2024-03-01 10:24:05.362258,cotton,607.6684025225248
2024-03-02 10:24:05.362258,cotton,617.9063876980731
2024-03-03 10:24:05.362258,cotton,663.1197663399464
2024-03-04 10:24:05.362258,cotton,673.9729580153385
2024-03-05 10:24:05.362258,cotton,609.1501494843824
2024-03-06 10:24:05.362258,cotton,618.1090379495535
2024-03-07 10:24:05.362258,cotton,621.6404299273579
2024-03-08 10:24:05.362258,cotton,645.6142376283325
2024-03-09 10:24:05.362258,cotton,667.1284896461192
2024-03-10 10:24:05.362258,cotton,646.6871695088428
2024-03-11 10:24:05.362258,cotton,694.7840907222385
2024-03-12 10:24:05.362258,cotton,651.4608521747278
2024-03-13 10:24:05.362258,cotton,623.3695600611229
2024-03-14 10:24:05.362258,cotton,610.6815636180793
2024-03-15 10:24:05.362258,cotton,620.6677940808542
2024-03-16 10:24:05.362258,cotton,629.1873888887517
2024-03-17 10:24:05.362258,cotton,631.8204903959174
2024-03-18 10:24:05.362258,cotton,645.0507857239908
2024-03-19 10:24:05.362258,cotton,660.4289313889777
2024-03-20 10:24:05.362258,cotton,612.1848722245198
2024-03-21 10:24:05.362258,cotton,641.4139600394067
2024-03-22 10:24:05.362258,cotton,671.3697827700455
2024-03-23 10:24:05.362258,cotton,638.0894888817033
2024-03-24 10:24:05.362258,cotton,682.8500489701761
2024-03-25 10:24:05.362258,cotton,671.9284792071606
2024-03-26 10:24:05.362258,cotton,654.2802435488726
2024-03-27 10:24:05.362258,cotton,623.6984855140493
2024-03-28 10:24:05.362258,cotton,683.6721462909222
2024-03-29 10:24:05.362258,cotton,667.557157643696
2024-03-30 10:24:05.362258,cotton,647.6053566505838
2024-03-31 10:24:05.362258,cotton,676.8024475567163
2024-04-01 10:24:05.362258,cotton,702.619687965935
2024-04-02 10:24:05.362258,cotton,665.4507288809502
2024-04-03 10:24:05.362258,cotton,662.7718983928198
2024-04-04 10:24:05.362258,cotton,670.381093801763
2024-04-05 10:24:05.362258,cotton,681.8508883549885
2024-04-06 10:24:05.362258,cotton,666.6176834379137
2024-04-07 10:24:05.362258,cotton,658.5789642164466
2024-04-08 10:24:05.362258,cotton,640.1435288440583
2024-04-09 10:24:05.362258,cotton,684.7709252495218
2024-04-10 10:24:05.362258,cotton,700.0150486684913
2024-04-11 10:24:05.362258,cotton,681.9776107599736
2024-04-12 10:24:05.362258,cotton,633.7349726712407
2024-04-13 10:24:05.362258,cotton,679.1348826494846
2024-04-14 10:24:05.362258,cotton,688.8706609019774
2024-04-15 10:24:05.362258,cotton,667.9020056572544
2024-04-16 10:24:05.362258,cotton,698.2059031230409
2024-04-17 10:24:05.362258,cotton,704.2849948749313
2024-04-18 10:24:05.362258,cotton,734.2129647711355
2024-04-19 10:24:05.362258,cotton,679.1892158231034
2024-04-20 10:24:05.362258,cotton,691.4902076747798
2024-04-21 10:24:05.362258,cotton,677.7412610294498
2024-04-22 10:24:05.362258,cotton,657.080055143649
2024-04-23 10:24:05.362258,cotton,686.1100853907626
2024-04-24 10:24:05.362258,cotton,728.5464368999283
2024-04-25 10:24:05.362258,cotton,681.4745707344379
2024-04-26 10:24:05.362258,cotton,664.5909502263693
2024-04-27 10:24:05.362258,cotton,722.9815005205604
2024-04-28 10:24:05.362258,cotton,715.6641461080766
2024-04-29 10:24:05.362258,cotton,662.0206020032944
2024-04-30 10:24:05.362258,cotton,698.5065150223161
2024-05-01 10:24:05.362258,cotton,693.1669714656135
2024-05-02 10:24:05.362258,cotton,675.2106360603585
2024-05-03 10:24:05.362258,cotton,677.4765227547924
2024-05-04 10:24:05.362258,cotton,693.3888403157388
2024-05-05 10:24:05.362258,cotton,718.5998434287516
2024-05-06 10:24:05.362258,cotton,694.4678238298261
2024-05-07 10:24:05.362258,cotton,660.0219785247324
2024-05-08 10:24:05.362258,cotton,675.4505381754893
2024-05-09 10:24:05.362258,cotton,708.3616855707525
2024-05-10 10:24:05.362258,cotton,662.371170813677
2024-05-11 10:24:05.362258,cotton,686.0183289788713
2024-05-12 10:24:05.362258,cotton,715.6066483021898
2024-05-13 10:24:05.362258,cotton,666.8248961214308
2024-05-14 10:24:05.362258,cotton,726.7915576569119
2024-05-15 10:24:05.362258,cotton,685.1657456328712
2024-05-16 10:24:05.362258,cotton,706.3985861596321
2024-05-17 10:24:05.362258,cotton,715.0853775906668
2024-05-18 10:24:05.362258,cotton,689.6773483488266
2024-05-19 10:24:05.362258,cotton,664.7382964575675
2024-05-20 10:24:05.362258,cotton,710.831882454649
2024-05-21 10:24:05.362258,cotton,698.6940765465679
2024-05-22 10:24:05.362258,cotton,671.0674076488503
2024-05-23 10:24:05.362258,cotton,688.4435022838315
2024-05-24 10:24:05.362258,cotton,728.390203792948
2024-05-25 10:24:05.362258,cotton,687.0866295827973
2024-05-26 10:24:05.362258,cotton,693.2086276652041
2024-05-27 10:24:05.362258,cotton,708.0025149212463
2024-05-28 10:24:05.362258,cotton,719.0330100418626
2024-05-29 10:24:05.362258,cotton,688.830010559034
2024-05-30 10:24:05.362258,cotton,676.6668655611322
2024-05-31 10:24:05.362258,cotton,747.6785623002711
2024-06-01 10:24:05.362258,cotton,714.9740623212678
2024-06-02 10:24:05.362258,cotton,686.2995625384726
2024-06-03 10:24:05.362258,cotton,712.7183146027235
2024-06-04 10:24:05.362258,cotton,730.7392334071723
2024-06-05 10:24:05.362258,cotton,692.8360059060011
2024-06-06 10:24:05.362258,cotton,677.7588642414836
2024-06-07 10:24:05.362258,cotton,664.7746097680516
2024-06-08 10:24:05.362258,cotton,708.6009105670847
2024-06-09 10:24:05.362258,cotton,725.2137275550594
2024-06-10 10:24:05.362258,cotton,740.0370888836334
2024-06-11 10:24:05.362258,cotton,722.1900075345835
2024-06-12 10:24:05.362258,cotton,710.826187832814
2024-06-13 10:24:05.362258,cotton,725.4666506002877
2024-06-14 10:24:05.362258,cotton,703.2346064639719
2024-06-15 10:24:05.362258,cotton,687.1972244776824
2024-06-16 10:24:05.362258,cotton,751.9441323263807
2024-06-17 10:24:05.362258,cotton,682.5901661963142
2024-06-18 10:24:05.362258,cotton,693.4322544818536
2024-06-19 10:24:05.362258,cotton,736.5090643627327
2024-06-20 10:24:05.362258,cotton,724.4196058741302
2024-06-21 10:24:05.362258,cotton,689.5389905857367
2024-06-22 10:24:05.362258,cotton,709.970555343025
2024-06-23 10:24:05.362258,cotton,697.7015717248302
2024-06-24 10:24:05.362258,cotton,711.7425877423933
2024-06-25 10:24:05.362258,cotton,697.0635083719108
2024-06-26 10:24:05.362258,cotton,725.2061467574675
2024-06-27 10:24:05.362258,cotton,668.9636847894315
2024-06-28 10:24:05.362258,cotton,746.0061776046978
2024-06-29 10:24:05.362258,cotton,721.3208707746237
2024-06-30 10:24:05.362258,cotton,685.9877238594962
2024-07-01 10:24:05.362258,cotton,746.1194068914449
2024-07-02 10:24:05.362258,cotton,732.3210869925413
2024-07-03 10:24:05.362258,cotton,703.9306354395746
2024-07-04 10:24:05.362258,cotton,704.6539921581505
2024-07-05 10:24:05.362258,cotton,712.73273709826
2024-07-06 10:24:05.362258,cotton,676.25497402875
2024-07-07 10:24:05.362258,cotton,686.2163807839934
2024-07-08 10:24:05.362258,cotton,699.804345573799
2024-07-09 10:24:05.362258,cotton,691.6632402139265
2024-07-10 10:24:05.362258,cotton,699.5045411374801
2024-07-11 10:24:05.362258,cotton,719.4200977066703
2024-07-12 10:24:05.362258,cotton,708.4362723243335
2024-07-13 10:24:05.362258,cotton,721.1038074946374
2024-07-14 10:24:05.362258,cotton,701.8483495751296
2024-07-15 10:24:05.362258,cotton,730.419083993124
2024-07-16 10:24:05.362258,cotton,675.5367911393853
2024-07-17 10:24:05.362258,cotton,708.0283883445272
2024-07-18 10:24:05.362258,cotton,682.61215222287
2024-07-19 10:24:05.362258,cotton,687.2933974457042
2024-07-20 10:24:05.362258,cotton,710.966652293311
2024-07-21 10:24:05.362258,cotton,715.5268850521838
2024-07-22 10:24:05.362258,cotton,725.716432729629
2024-07-23 10:24:05.362258,cotton,709.0243914852724
2024-07-24 10:24:05.362258,cotton,679.4959147822134
2024-07-25 10:24:05.362258,cotton,757.1256002580245
2024-07-26 10:24:05.362258,cotton,717.1248597064086
2024-07-27 10:24:05.362258,cotton,726.2318266932282
2024-07-28 10:24:05.362258,cotton,698.2108755530619
2024-07-29 10:24:05.362258,cotton,737.5196628998875
2024-07-30 10:24:05.362258,cotton,696.0141299099355
2024-07-31 10:24:05.362258,cotton,671.8307437222004
2024-08-01 10:24:05.362258,cotton,696.8913424536851
2024-08-02 10:24:05.362258,cotton,725.2612258909895
2024-08-03 10:24:05.362258,cotton,711.1394112253579
2024-08-04 10:24:05.362258,cotton,734.0762614553531
2024-08-05 10:24:05.362258,cotton,727.1658606660385
2024-08-06 10:24:05.362258,cotton,718.2152050226609
2024-08-07 10:24:05.362258,cotton,670.7217323993292
2024-08-08 10:24:05.362258,cotton,699.5806581190537
2024-08-09 10:24:05.362258,cotton,715.8339134120448
2024-08-10 10:24:05.362258,cotton,720.4774654521038
2024-08-11 10:24:05.362258,cotton,687.9905294189575
2024-08-12 10:24:05.362258,cotton,681.8053690515189
2024-08-13 10:24:05.362258,cotton,726.9981401438496
2024-08-14 10:24:05.362258,cotton,665.470294436652
2024-08-15 10:24:05.362258,cotton,711.1233403183247
2024-08-16 10:24:05.362258,cotton,697.530393604117
2024-08-17 10:24:05.362258,cotton,723.0504553934325
2024-08-18 10:24:05.362258,cotton,669.4091352417748
2024-08-19 10:24:05.362258,cotton,673.1564088614663
2024-08-20 10:24:05.362258,cotton,711.860352076749
2024-08-21 10:24:05.362258,cotton,636.7734833815679
2024-08-22 10:24:05.362258,cotton,708.2724760398404
2024-08-23 10:24:05.362258,cotton,695.5987991082899
2024-08-24 10:24:05.362258,cotton,691.7707702548971
2024-08-25 10:24:05.362258,cotton,700.2396398317911
2024-08-26 10:24:05.362258,cotton,678.6255521765913
2024-08-27 10:24:05.362258,cotton,744.6413628591432
2024-08-28 10:24:05.362258,cotton,689.1759415241405
2024-08-29 10:24:05.362258,cotton,685.8518881691781
2024-08-30 10:24:05.362258,cotton,669.6447665785232
2024-08-31 10:24:05.362258,cotton,677.0448096523489
2024-09-01 10:24:05.362258,cotton,683.3190719577808
2024-09-02 10:24:05.362258,cotton,673.6442933643705
2024-09-03 10:24:05.362258,cotton,677.8060850542035
2024-09-04 10:24:05.362258,cotton,725.3402855892018
2024-09-05 10:24:05.362258,cotton,701.713676177968
2024-09-06 10:24:05.362258,cotton,675.8755420988463
2024-09-07 10:24:05.362258,cotton,707.2704957079499
2024-09-08 10:24:05.362258,cotton,677.3198593100548
2024-09-09 10:24:05.362258,cotton,704.1207615296852
2024-09-10 10:24:05.362258,cotton,640.3121136073314
2024-09-11 10:24:05.362258,cotton,673.8959648529964
2024-09-12 10:24:05.362258,cotton,682.0866411625358
2024-09-13 10:24:05.362258,cotton,699.258550733424
2024-09-14 10:24:05.362258,cotton,675.9720546023666
2024-09-15 10:24:05.362258,cotton,647.4957256631865
2024-09-16 10:24:05.362258,cotton,691.7041783491665
2024-09-17 10:24:05.362258,cotton,693.9568239096959
2024-09-18 10:24:05.362258,cotton,670.0980409833982
2024-09-19 10:24:05.362258,cotton,678.4522019438454
2024-09-20 10:24:05.362258,cotton,662.1269931364142
2024-09-21 10:24:05.362258,cotton,658.5805095702708
2024-09-22 10:24:05.362258,cotton,695.6516164643726
2024-09-23 10:24:05.362258,cotton,665.7574410422076
2024-09-24 10:24:05.362258,cotton,691.9609018595963
2024-09-25 10:24:05.362258,cotton,629.2979107616924
2024-09-26 10:24:05.362258,cotton,649.9202572338185
2024-09-27 10:24:05.362258,cotton,659.0310269146321
2024-09-28 10:24:05.362258,cotton,674.8432273723126
2024-09-29 10:24:05.362258,cotton,649.8962957542558
2024-09-30 10:24:05.362258,cotton,650.8216202340956
2024-10-01 10:24:05.362258,cotton,666.2553410018635
2024-10-02 10:24:05.362258,cotton,659.0593318396049
2024-10-03 10:24:05.362258,cotton,643.323109016819
2024-10-04 10:24:05.362258,cotton,645.8446924126446
2024-10-05 10:24:05.362258,cotton,636.2862221363911
2024-10-06 10:24:05.362258,cotton,631.0762272636237
2024-10-07 10:24:05.362258,cotton,673.2368830260467
2024-10-08 10:24:05.362258,cotton,721.7982969809273
2024-10-09 10:24:05.362258,cotton,646.9931887379771
2024-10-10 10:24:05.362258,cotton,642.0340387315654
2024-10-11 10:24:05.362258,cotton,643.203902307301
2024-10-12 10:24:05.362258,cotton,682.9818399124287
2024-10-13 10:24:05.362258,cotton,644.2632643836733
2024-10-14 10:24:05.362258,cotton,637.0010146556322
2024-10-15 10:24:05.362258,cotton,644.3290630932366
2024-10-16 10:24:05.362258,cotton,671.2037685075701
2024-10-17 10:24:05.362258,cotton,685.2959959134281
2024-10-18 10:24:05.362258,cotton,665.6532249091497
2024-10-19 10:24:05.362258,cotton,637.124218675509
2024-10-20 10:24:05.362258,cotton,656.4572582800815
2024-10-21 10:24:05.362258,cotton,695.0317330854102
2024-10-22 10:24:05.362258,cotton,645.8489549356361
2024-10-23 10:24:05.362258,cotton,666.6911351049334
2024-10-24 10:24:05.362258,cotton,638.6242843862375
2024-10-25 10:24:05.362258,cotton,671.7468400818517
2024-10-26 10:24:05.362258,cotton,643.1059424541417
2024-10-27 10:24:05.362258,cotton,662.5424725199676
2024-10-28 10:24:05.362258,cotton,653.0897088474433
2024-10-29 10:24:05.362258,cotton,643.5573675872872
2024-10-30 10:24:05.362258,cotton,672.265593675176
2024-10-31 10:24:05.362258,cotton,655.0891750234933
2024-11-01 10:24:05.362258,cotton,627.2303406013018
2024-11-02 10:24:05.362258,cotton,673.007289797012
2024-11-03 10:24:05.362258,cotton,642.2937532638315
2024-11-04 10:24:05.362258,cotton,664.4397924475244
2024-11-05 10:24:05.362258,cotton,655.723526815457
2024-11-06 10:24:05.362258,cotton,660.3097129750988
2024-11-07 10:24:05.362258,cotton,659.7257248755392
2024-11-08 10:24:05.362258,cotton,662.5945799201342
2024-11-09 10:24:05.362258,cotton,641.5906898548678
2024-11-10 10:24:05.362258,cotton,656.792974269227
2024-11-11 10:24:05.362258,cotton,585.9694745084498
2024-11-12 10:24:05.362258,cotton,643.3848585402422
2024-11-13 10:24:05.362258,cotton,625.0823230488396
2024-11-14 10:24:05.362258,cotton,641.1834968162683
2024-11-15 10:24:05.362258,cotton,616.6337206205786
2024-11-16 10:24:05.362258,cotton,660.3290795831512
2024-11-17 10:24:05.362258,cotton,653.7776688700102
2024-11-18 10:24:05.362258,cotton,674.4165922958979
2024-11-19 10:24:05.362258,cotton,655.0261288206461
2024-11-20 10:24:05.362258,cotton,656.9904863184338
2024-11-21 10:24:05.362258,cotton,622.3133918119355
2024-11-22 10:24:05.362258,cotton,628.2033989219195
2024-11-23 10:24:05.362258,cotton,640.9921003226228
2024-11-24 10:24:05.362258,cotton,662.8031643826996
2024-11-25 10:24:05.362258,cotton,638.3596525723273
2024-11-26 10:24:05.362258,cotton,640.195285173461
2024-11-27 10:24:05.362258,cotton,682.5133465828771
2024-11-28 10:24:05.362258,cotton,624.7847571591901
2024-11-29 10:24:05.362258,cotton,644.8040539148312
2024-11-30 10:24:05.362258,cotton,638.820527130736
2024-12-01 10:24:05.362258,cotton,622.0504005127464
2024-12-02 10:24:05.362258,cotton,639.0747608302597
2024-12-03 10:24:05.362258,cotton,656.0623829583562
2024-12-04 10:24:05.362258,cotton,659.9519357925051
2024-12-05 10:24:05.362258,cotton,654.4575726664899
2024-12-06 10:24:05.362258,cotton,646.3779424352053
2024-12-07 10:24:05.362258,cotton,627.2378162033551
2024-12-08 10:24:05.362258,cotton,643.682242524541
2024-12-09 10:24:05.362258,cotton,618.9881122090256
2024-12-10 10:24:05.362258,cotton,666.6681737097794
2024-12-11 10:24:05.362258,cotton,658.5703289049588
2024-12-12 10:24:05.362258,cotton,634.4866256408893
2024-12-13 10:24:05.362258,cotton,634.0516038767075
2024-12-14 10:24:05.362258,cotton,644.3570505370836
2024-12-15 10:24:05.362258,cotton,613.8658816638574
2024-12-16 10:24:05.362258,cotton,658.9311060442745
2024-12-17 10:24:05.362258,cotton,607.5270178884374
2024-12-18 10:24:05.362258,cotton,658.2590987643113
2024-12-19 10:24:05.362258,cotton,603.9660099342378
2024-12-20 10:24:05.362258,cotton,630.6826014892233
2024-12-21 10:24:05.362258,cotton,651.1280431077525
2024-12-22 10:24:05.362258,cotton,599.2109581913891
2024-12-23 10:24:05.362258,cotton,669.4207314586442
2024-12-24 10:24:05.362258,cotton,645.4394638739158
2024-12-25 10:24:05.362258,cotton,658.4518387451596
2024-12-26 10:24:05.362258,cotton,645.3306862627837
2024-12-27 10:24:05.362258,cotton,691.4777640152364
2024-12-28 10:24:05.362258,cotton,627.3173259216613
2024-12-29 10:24:05.362258,cotton,639.5476127686619
2024-12-30 10:24:05.362258,cotton,630.0995374972488
2024-12-31 10:24:05.362258,cotton,649.5375840960317
2025-01-01 10:24:05.362258,cotton,614.9113076195367
2025-01-02 10:24:05.362258,cotton,615.6240859295906
2025-01-03 10:24:05.362258,cotton,615.884797555609
2025-01-04 10:24:05.362258,cotton,615.1974157831419
2025-01-05 10:24:05.362258,cotton,606.6435139823442
2025-01-06 10:24:05.362258,cotton,639.8055720391513
2025-01-07 10:24:05.362258,cotton,687.5500038976882
2025-01-08 10:24:05.362258,cotton,653.6951697403108
2025-01-09 10:24:05.362258,cotton,681.2159564671895
2025-01-10 10:24:05.362258,cotton,643.5687725789875
2025-01-11 10:24:05.362258,cotton,646.3976229182894
2025-01-12 10:24:05.362258,cotton,646.4969915851614
2025-01-13 10:24:05.362258,cotton,635.9700033464646
2025-01-14 10:24:05.362258,cotton,652.4625100889211
2025-01-15 10:24:05.362258,cotton,643.4405753750374
2025-01-16 10:24:05.362258,cotton,647.4937415900331
2025-01-17 10:24:05.362258,cotton,632.866403695622
2025-01-18 10:24:05.362258,cotton,653.5819436191041
2025-01-19 10:24:05.362258,cotton,671.4899145799213
2025-01-20 10:24:05.362258,cotton,626.4164703072206
2025-01-21 10:24:05.362258,cotton,656.2772604414907
2025-01-22 10:24:05.362258,cotton,649.0323646000127
2025-01-23 10:24:05.362258,cotton,649.4731779588017
2025-01-24 10:24:05.362258,cotton,662.5798058422837
2025-01-25 10:24:05.362258,cotton,672.7139073831104
2025-01-26 10:24:05.362258,cotton,650.9135746088481
2025-01-27 10:24:05.362258,cotton,648.0777006448071
2025-01-28 10:24:05.362258,cotton,644.4304797246788
2025-01-29 10:24:05.362258,cotton,653.0864886415644
2025-01-30 10:24:05.362258,cotton,684.6659449423845
2025-01-31 10:24:05.362258,cotton,675.8256174100218
2025-02-01 10:24:05.362258,cotton,676.6844716971879
2025-02-02 10:24:05.362258,cotton,633.0635032102972
2025-02-03 10:24:05.362258,cotton,681.0657076634687
2025-02-04 10:24:05.362258,cotton,660.7270320930784
2025-02-05 10:24:05.362258,cotton,670.5406088547084
2025-02-06 10:24:05.362258,cotton,647.7567677508405
2025-02-07 10:24:05.362258,cotton,678.564341211503
2025-02-08 10:24:05.362258,cotton,634.4988602359822
2025-02-09 10:24:05.362258,cotton,655.0035639850395
2025-02-10 10:24:05.362258,cotton,653.2417380995387
2025-02-11 10:24:05.362258,cotton,677.4069653270608
2025-02-12 10:24:05.362258,cotton,657.6538493904667
2025-02-13 10:24:05.362258,cotton,654.0967987697039
2025-02-14 10:24:05.362258,cotton,697.1731482859301
2025-02-15 10:24:05.362258,cotton,657.7920720753317
2025-02-16 10:24:05.362258,cotton,662.9627648923207
2025-02-17 10:24:05.362258,cotton,654.2459133133441
2025-02-18 10:24:05.362258,cotton,694.696019810632
2025-02-19 10:24:05.362258,cotton,639.6734606464154
2025-02-20 10:24:05.362258,cotton,650.7862818640637
2025-02-21 10:24:05.362258,cotton,698.2988423374686
2025-02-22 10:24:05.362258,cotton,687.4907699723283
2025-02-23 10:24:05.362258,cotton,664.05464670804
2025-02-24 10:24:05.362258,cotton,670.9199606602825
2025-02-25 10:24:05.362258,cotton,652.5172602793715
2025-02-26 10:24:05.362258,cotton,660.6316265038703
2025-02-27 10:24:05.362258,cotton,694.0309916480226
2025-02-28 10:24:05.362258,cotton,653.8195330775133
2025-03-01 10:24:05.362258,cotton,704.3329682810167
2025-03-02 10:24:05.362258,cotton,712.6982521414117
2025-03-03 10:24:05.362258,cotton,675.9951195511502
2025-03-04 10:24:05.362258,cotton,699.9679847234327
2025-03-05 10:24:05.362258,cotton,670.9657853341107
2025-03-06 10:24:05.362258,cotton,693.7834486476288
2025-03-07 10:24:05.362258,cotton,686.7271001637354
2025-03-08 10:24:05.362258,cotton,692.2992698951488
2025-03-09 10:24:05.362258,cotton,688.5215221217234
2025-03-10 10:24:05.362258,cotton,703.6953262862621
2025-03-11 10:24:05.362258,cotton,726.5625424519993
2025-03-12 10:24:05.362258,cotton,671.5486241476867
2025-03-13 10:24:05.362258,cotton,714.3792778165945
2025-03-14 10:24:05.362258,cotton,653.7805412524591
2025-03-15 10:24:05.362258,cotton,684.4890101709823
2025-03-16 10:24:05.362258,cotton,668.1006988306895
2025-03-17 10:24:05.362258,cotton,719.1736264122638
2025-03-18 10:24:05.362258,cotton,722.3414932887724
